Название,Описание тренда,Горизонт,ТИП
Открытость организаций к обучению и KM,Институции всё чаще внедряют KM и культуру обучения.,3-5,Social
Разработка стратегий обмена знаниями – как источник для роста конкурентоспособности,KM становится инструментом для стратегических изменений и интеграции.,1-3,Economical
Растущий спрос на аналитиков и менеджеров по знаниям,Во многих секторах увеличивается потребность в профессионалах по KM.,1-3,Social
"Обсуждение ""общества знаний"" в индустрии и политике","Влияние тематики KM на внутренние процедуры, рост продуктивности.",3-5,Legal
Роль KM увеличивается,KM становится всё более значимой функцией в организациях.,5-7,Economical
"Переход от ""жёсткого"" к ""мягкому"" KM","Фокус смещается с технологий на людей, коммуникацию и культуру. Усиление роли культуры совместного создания и распространения знаний.",3-5,Social
Экосистемы 2.0. Развитие экосистем KM,"Создание сетей и платформ для обмена знаниями между организациями и секторами. Выигрывают те, кто создаёт не просто экосистему продуктов, но экосистему знаний и нематериальных активов",5-7,Economical
Кадровый голод. Растущий дефицит квалифицированных кадров,KM помогает сохранять и передавать экспертизу в условиях кадрового голода.,5-7,Social
Интеграция генеративного AI в KM-системы,Использование GenAI для автоматизации создания и структурирования знаний. AI становится частью KM-инфраструктуры.,1-3,Technological
Рост роли контент-менеджмента,Усиление значения управления корпоративным контентом.,,
Развитие клиентских сообществ,KM поддерживает формирование и развитие клиентских и профессиональных сообществ.,3-5,Social
Рост отраслевого и межотраслевого сотрудничества,KM способствует обмену знаниями между компаниями и секторами.,3-5,Economical
Непрерывное обучение (lifelong learning),KM поддерживает культуру постоянного развития сотрудников.,5-7,Social
Рост запроса на персонализацию и кастомизацию,Требуется индивидуальный подход к знаниям и обучению.,1-3,Social
Персональная система КМ. Популярность Knowledge BOTs,Внедрение ботов для поддержки и распространения знаний.,1-3,Technological
Запрос на улучшение UX и интеллектуальный поиск,Требуется более удобный и умный поиск по знаниям.,1-3,Technological
Старение населения,KM помогает сохранять знания уходящих специалистов.,5-7,Social
Рост цифрового клиентского опыта,KM способствует улучшению Customer experience через знания и обучение персонала.,1-3,Technological
"Развитие ""серебряной экономики""",KM поддерживает адаптацию бизнеса к стареющему населению.,5-7,Social
Запрос на более быструю и эффективную коммуникацию,Требуются новые инструменты и подходы к обмену знаниями.,1-3,Social
Фокус на клиент-центричном KM,KM помогает компаниям становиться более ориентированными на клиента.,1-3,Social
"Развитие компьютерного зрения, VR, AR, предиктивной аналитики, геймификации и др.",Новые технологии внедряются в KM для повышения эффективности и вовлечённости.,3-5,Technological
Рост влияния поколения альфа,Новое поколение требует новых подходов к обучению и обмену знаниями.,5-7,Social
Рост автоматизации бизнеса и использования AI,KM автоматизируется с помощью AI и цифровых решений.,3-5,Technological
Развитие мобильных и облачных решений,KM становится доступнее и мобильнее.,3-5,Technological
Развитие персональных AI-ассистентов,Внедрение персональных помощников для поддержки работы с корпоративными знаниями.,1-3,Technological
"Рост угрозы фейкового контента, созданного AI",KM внедряет инструменты для верификации и защиты информации.,5-7,Legal
Развитие нейросетей для нейросетей,Создание новых AI-решений для поддержки и развития KM.,5-7,Technological
"Развитие сервисов доставки, e-commerce, удалённых технологий",KM поддерживает цифровую трансформацию бизнеса.,3-5,Economical
Рост роли информационной безопасности,Усиление мер по защите корпоративных знаний.,5-7,Legal
Развитие детекторов AI-контента,Внедрение инструментов для обнаружения сгенерированного AI-контента.,3-5,Technological
Рост запроса на безопасный AI,Требуется развитие этичных и безопасных AI-решений в KM.,5-7,Legal
Деглобализация: переход от глобального к локальному,"KM становится более локализованным, учитывает специфику регионов.",3-5,Political
Рост участия государства в развитии AI,Государственные инициативы влияют на развитие KM и AI.,5-7,Political
"Уберизация, сокращение цепочек поставок",KM поддерживает новые бизнес-модели и цепочки создания стоимости.,3-5,Economical
Рост спроса на гибридную работу и коммуникацию,KM адаптируется под гибридные форматы работы.,3-5,Social
Увеличение скорости изменений и принятия решений,KM помогает компаниям быстрее адаптироваться и принимать решения.,3-5,Social
Существенное ускорение и увеличения количества генерируемых единиц информации,Использование Gen AI для масштабного создания и структурирования корпоративных знаний и контента.,1-3,Social
Улучшение поиска и доступа к знаниям,"Внедрение продвинутого поиска, интеллектуальных порталов и платформ для быстрого доступа к нужной информации.",1-3,Technological
Рост влияния рекомендаций и отзывов в принятии решений,Применение аналитики и AI для предоставления рекомендаций и поддержки принятия решений на основе знаний.,3-5,Social
Захват и передача неявных знаний (tacit knowledge),Разработка программ и инструментов для фиксации и передачи экспертных знаний сотрудников.,3-5,Social
Программы по удержанию знаний при текучести кадров,Внедрение решений для минимизации потерь знаний при уходе сотрудников и изменениях в командах.,3-5,Social
Управление информационной перегрузкой,"Решения для фильтрации, структурирования и приоритизации информации в условиях её избытка.",3-5,Technological
"Сотрудничество как основа для развития бизнеса, источник активов для конкурентоспособности","Формирование среды, в которой сотрудники активно делятся знаниями и участвуют в сообществах практики. Развитие культуры обмена знаниями и коллаборации",5-7,Economical
Развитие цифровой и технологической грамотности,Обучение сотрудников использованию новых KM-инструментов и цифровых платформ.,1-3,Social
Использование knowledge graphs и картирования знаний,Внедрение графов знаний и инструментов картирования для визуализации и структурирования корпоративных знаний.,1-3,Technological
AI как главный потребитель неявных знаний,"AI в отличие от людей не лимитирован в возможностях слушать человека. Потенциально, в будущем это может привести к новым моделям взаимодействия людей в группах",3-5,Technological
Автоматизация процесса производства контента силами ИИ,"Создание и поддержание актуального, структурированного и качественного контента для эффективного поиска.",3-5,Social
Рост влияния ИИ (AI) на Управления Знаниями (КМ),"Искусственный интеллект становится неотъемлемой частью процессов управления знаниями. Технологии AI позволяют значительно повысить эффективность и точность обработки информации, ускоряя процессы принятия решений и создавая новые возможности для инновационных подходов к управлению корпоративными знаниями.",1-3,Technological
AI vs KM. Акцент на человеческом факторе,"Несмотря на технологические инновации, управление знаниями остается глубоко зависимым от человеческого вклада и опыта сотрудников организации. Не смотря на растущую автоматизацию и внедрение элементов AI в работу организаций, взаимодействие с экспертами, источниками знаний становится всё более значимым фактором успеха.",3-5,Social
New KM – трансформация на базе AI,"Ожидается, что технологии AI приведут к значительным изменениям в системах управления знаниями, превращая традиционные платформы в мощные инструменты, способные улучшать доступность и качество знаний внутри организаций.",1-3,Technological
Развитие стратегического подхода к управлению знаниями,"Управление знаниями становится ключевым элементом стратегии компаний, интегрируется во все аспекты деятельности, включая обучение персонала и развитие компетенций.",3-5,Economical
Нематериальные активы как основа конкурентоспособности компаний,Понимание важности неявных знаний и методов их сохранения становится приоритетом; организации осознают необходимость целенаправленных усилий по сохранению уникальных профессиональных навыков и опыта сотрудников.,3-5,Economical
Новые компетенции специалистов по управлению знаниями,"Важнейшими качествами становятся коммуникационные способности, умение сотрудничать, гибкость и критическое мышление; специалистам нужно адаптироваться к быстрым переменам в технологиях и организационных структурах.",3-5,Social
Новые гибридные модели лидерства,"Формируются новые подходы к лидерству, когда решения принимает не один человек, а человек в сотрудничестве с ИИ.",3-5,Social
Новая ИИ-этика,"Поиск стандартов корректного взаимодействия с ИИ, правил «дорожного движения» ",3-5,Legal
Растущая поляризация общества,"Технологии ИИ только усугубляют существующий разрыв между социальными слоями общества, более успешные, состоятельные и профессиональные становятся ещё успешнее, богаче и ценнее как специалисты. Остальные – всё менее ценными для общества",5-7,Economical
Ускорение внедрения чат-ботов и виртуальных помощников,"Рост использования ИИ для автоматизации клиентского сервиса и персонализации общения
Чат-боты становятся стандартом, обеспечивая мгновенный и адаптированный сервис",1-3,Economical
Развитие этичного и прозрачного ИИ,"Усиление требований к этике, конфиденциальности данных и прозрачности алгоритмов
Компании будут внедрять строгие нормы для повышения доверия клиентов и минимизации репутационных рисков",3-5,Legal
Рост интеграции онлайн и офлайн с ИИ,"Активное объединение данных из всех каналов для создания единого клиентского опыта
Омниканальные стратегии с ИИ позволят плавно переключаться между цифровыми и физическими покупками",1-3,Technological
Развитие AI-агентов для управления бизнесом,"Рост использования автономных ИИ-агентов для динамического выполнения операционных задач и управления
Возможность автоматизировать бизнес-процессы и повысить оперативность принятия решений",3-5,Economical
Интеграция ИИ с AR/VR,"ИИ и дополненная реальность объединяются для новых форматов взаимодействия, обучения и презентаций.",3-5,Economical
Появление эмоционального ИИ,"ИИ учится распознавать и учитывать эмоции пользователя, что повышает качество клиентского сервиса.",3-5,Economical
Рост доступности и универсальности ИИ,"ИИ-решения становятся доступнее для малого и среднего бизнеса, позволяя быстрее и лучше решать операционные задачи",3-5,Economical
Ускорение внедрения ИИ в бизнес-процессы,"Компании быстро тестируют и масштабируют ИИ для анализа рынка, автоматизации рутины и оптимизации ассортимента.",1-3,Economical